10334,AAIT,iShares MSCI AC Asia Information Tech ETF,Global Equity ETF,
15,ABAX,ABAXIS Inc. ,Healthcare,Diagnostic Substances
4036,ACRE, Ares Commercial Real Estate Cor ,Financial,REIT - Diversified
57,ACUR,Acura Pharmaceuticals Inc. ,Healthcare,Drug Delivery
58,ACW,Accuride Corporation Common Sto ,Consumer Goods,Trucks & Other Vehicles
82,AEE,Ameren Corporation Common ,Utilities,Diversified Utilities
4042,AEF, Aegon NV Perpetual Cap Securiti ,N/A,N/A
83,AEG,AEGON N.V. Common ,NULL,NULL
4045,AEK, Aegon NV 8.00% Non-Cumulative S ,N/A,N/A
101,AF,Astoria Financial Corporation C ,Financial,Savings & Loans
120,AGNC,American Capital Agency Corp. ,Financial,REIT - Residential
126,AH,Accretive Health Inc. Common S ,Services,Management Services
138,AINV,Apollo Investment Corporation ,Financial,Diversified Investments
143,AIT,Applied Industrial Technologies ,Services,Industrial Equipment Wholesale
196,AMG,Affiliated Managers Group Inc. ,Financial,Asset Management
230,ANF,Abercrombie & Fitch Company Com ,Services,Apparel Stores
233,ANH,Anworth Mortgage Asset Corporat ,Financial,REIT - Diversified
247,AON,Aon plc Class A Ordinary Shares ,Financial,Insurance Brokers
253,APAGF,Apco Oil and Gas International  ,Basic Materials,Independent Oil & Gas
4089,APO, Apollo Global Management  LLC C ,Financial,Diversified Investments
271,ARAY,Accuray Incorporated ,Healthcare,Medical Appliances & Equipment
274,ARCI,Appliance Recycling Centers of  ,Consumer Goods,Appliances
275,ARCW,Arc Wireless Solutions Inc. ,Technology,Wireless Communications
289,ARO,Aeropostale Inc Common ,Services,Apparel Stores
291,ARP,Atlas Resource Partners L.P. C ,Services,Business Services
4099,ARR, ARMOUR Residential REIT  Inc. ,N/A,N/A
312,ASFI,Asta Funding Inc. ,Services,Business Services
328,ASX,Advanced Semiconductor Engineer ,Technology,Semiconductor Equipment & Materials
350,ATRI,ATRION Corporation ,Healthcare,Medical Instruments & Supplies
354,ATU,Actuant Corporation Common Stoc ,Industrial Goods,Diversified Machinery
356,ATVI,Activision Blizzard Inc ,Technology,Multimedia & Graphics Software
363,AUO,AU Optronics Corp American Depo ,Technology,Semiconductor - Broad Line
366,AUY,Yamana Gold Inc. Ordinary Shar ,Basic Materials,Gold
374,AVF,AMERICAN INTERNATIONAL GROUP I ,NULL,NULL
384,AWC,Alumina Ltd American Depositary ,Basic Materials,Aluminum
10343,AXIT,iShares MSCI ACWI ex US Information Technology Sector Index Fund (AXIT) ETF,Global Equity ETF,
10344,AXMT,iShares MSCI ACWI ex US Materials Sector Index Fund (AXMT) ETF,Global Equity ETF,
401,AYR,Aircastle Limited Common ,Services,Rental & Leasing Services
405,AZO,AutoZone Inc. Common ,Services,Auto Parts Stores
406,AZPN,Aspen Technology Inc. ,Technology,Business Software & Services
414,BAH,Booz Allen Hamilton Holding Cor ,Services,Management Services
424,BAX,Baxter International Inc. Commo ,Healthcare,Medical Instruments & Supplies
427,BBEP,BreitBurn Energy Partners L.P. ,Basic Materials,Oil & Gas Drilling & Exploration
429,BBGI,Beasley Broadcast Group Inc. ,Services,Broadcasting - Radio
430,BBL,BHP Billiton plc Sponsored ADR ,Basic Materials,Industrial Metals & Minerals
4135,BCEI, Bonanza Creek Energy  Inc. Comm ,Basic Materials,Independent Oil & Gas
444,BCH,Banco De Chile Banco De Chile A ,Financial,Foreign Regional Banks
4143,BDCL, 2xLeveraged Long Exchange Trade ,N/A,N/A
4144,BDCS, UBS AG Exchange Traded Access S ,N/A,N/A
452,BDE,Black Diamond Inc. ,Consumer Goods,Sporting Goods
4150,BFLY, Bluefly  Inc. ,Services,Specialty Retail  Other
472,BG,Bunge Limited Bunge Limited ,Consumer Goods,Farm Products
487,BIG,Big Lots Inc. Common ,Services,Discount Variety Stores
502,BKE,Buckle Inc. (The) Common ,Services,Apparel Stores
4171,BKEPP, Blueknight Energy Partners L.P. ,N/A,N/A
512,BLDP,Ballard Power Systems Inc. ,Industrial Goods,Industrial Electrical Equipment
10983,BLV,Vanguard Long-Term Bond ETF,Fixed Income ETF,
528,BMTC,Bryn Mawr Bank Corporation ,Financial,Regional - Northeast Banks
537,BOBE,Bob Evans Farms Inc. ,Services,Restaurants
542,BOKF,BOK Financial Corporation ,Financial,Regional - Southwest  Banks
545,BONT,The Bon-Ton Stores Inc. ,Services,Department Stores
546,BOOM,Dynamic Materials Corporation ,Industrial Goods,Metal Fabrication
548,BORN,China New Borun Corporation Ame ,Consumer Goods,Beverages - Brewers
550,BOX,SeaCube Container Leasing Ltd.  ,Services,Rental & Leasing Services
551,BP,BP p.l.c. Common ,Basic Materials,Major Integrated Oil & Gas
554,BPHX,BluePhoenix Solutions Ltd. ,Technology,Business Software & Services
560,BPZ,BPZ Resources Inc Common ,Basic Materials,Oil & Gas Drilling & Exploration
4204,BQH, Blackrock New York Municipal Bo ,Financial,Closed-End Fund - Debt
4205,BQR, BlackRock Ecosolutions Investme ,N/A,N/A
561,BR,Broadridge Financial Solutions ,Technology,Information & Delivery Services
562,BRC,Brady Corporation Common ,Services,Technical Services
568,BRKL,Brookline Bancorp Inc. ,Financial,Savings & Loans
569,BRKR,Bruker Corporation ,Technology,Scientific & Technical Instruments
4209,BRP, Brookfield Residential Properti ,Financial,Real Estate Development
10033,BRXX,EGShares Brazil Infrastructure ETF,Global Equity ETF,
4215,BSP, American Strategic Income Portf ,Financial,Closed-End Fund - Debt
586,BT,BT Group plc Common ,Technology,Telecom Services - Foreign
4223,BUNT, PowerShares DB 3X German Bund F ,N/A,N/A
601,BVX,Bovie Medical Corporation Commo ,Healthcare,Medical Instruments & Supplies
614,BXS,BancorpSouth Inc. Common ,Financial,Regional - Southeast Banks
650,CARV,Carver Bancorp Inc. ,Financial,Savings & Loans
10107,CARZ,First Trust NASDAQ Global Auto ETF,Global Equity ETF,
661,CAVM,Cavium Inc. ,Technology,Semiconductor - Broad Line
670,CBE,Cooper Industries plc  (Irelan ,Technology,Diversified Electronics
683,CBOE,CBOE Holdings Inc. ,Financial,Diversified Investments
687,CBR,Ciber Inc. Common ,Technology,Information Technology Services
691,CBSH,Commerce Bancshares Inc. ,Financial,Regional - Southwest  Banks
693,CBT,Cabot Corporation Common ,Basic Materials,Specialty Chemicals
694,CBU,Community Bank System Inc. Com ,Financial,Regional - Northeast Banks
703,CCI,Crown Castle International Corp ,Technology,Diversified Communication Services
708,CCL,Carnival Corporation Common Sto ,Services,Resorts & Casinos
4246,CCX, WisdomTree Dreyfus Commodity Cu ,N/A,N/A
720,CDE,Coeur d'Alene Mines Corporation ,Basic Materials,Silver
726,CDY,Cardero Resource Corporation Or ,Basic Materials,Industrial Metals & Minerals
743,CEO,CNOOC Limited Common ,Basic Materials,Independent Oil & Gas
753,CFFI,C&F Financial Corporation ,Financial,Regional - Mid-Atlantic Banks
759,CFR,Cullen/Frost Bankers Inc. Comm ,Financial,Regional - Southwest  Banks
4264,CH, Aberdeen Chile Fund  Inc. (The) ,N/A,N/A
774,CHDN,Churchill Downs Incorporated ,Services,Gaming Activities
788,CHMT,Chemtura Corp. Common ,Basic Materials,Specialty Chemicals
789,CHNR,China Natural Resources Inc. ,Basic Materials,Industrial Metals & Minerals
793,CHS,Chico's FAS Inc. Common ,Services,Apparel Stores
4275,CHY, Calamos Convertible and High In ,N/A,N/A
800,CI,Cigna Corporation Common ,Healthcare,Health Care Plans
804,CIE,Cobalt International Energy In ,Basic Materials,Independent Oil & Gas
815,CITZ,CFS Bancorp Inc. ,Financial,Regional - Midwest Banks
4280,CJES, C&J Energy Services  Inc. Commo ,Basic Materials,Oil & Gas Equipment & Services
835,CLMS,Calamos Asset Management Inc. ,Financial,Asset Management
850,CMC,Commercial Metals Company Commo ,Basic Materials,Steel & Iron
860,CMN,Cantel Medical Corp. Common Sto ,Healthcare,Medical Instruments & Supplies
862,CMP,Compass Minerals Intl Inc Commo ,Basic Materials,Industrial Metals & Minerals
869,CNAM,China Armco Metals Inc. Common ,Services,Basic Materials Wholesale
881,CNP,CenterPoint Energy Inc (Holdin ,Utilities,Diversified Utilities
889,CNX,CONSOL Energy Inc. Common ,Basic Materials,Industrial Metals & Minerals
894,COCO,Corinthian Colleges Inc. ,Services,Education & Training Services
916,COSI,Cosi Inc. ,Services,Restaurants
942,CPST,Capstone Turbine Corporation ,Industrial Goods,Industrial Electrical Equipment
950,CRAI,CRA InternationalInc. ,Services,Management Services
959,CRESY,Cresud S.A.C.I.F. y A. ,NULL,NULL
961,CRH,CRH PLC American Depositary Sha ,Industrial Goods,Cement
969,CRMT,America's Car-Mart Inc. ,Services,Auto Dealerships
975,CRT,Cross Timbers Royalty Trust Com ,Basic Materials,Oil & Gas Drilling & Exploration
997,CSII,Cardiovascular Systems Inc. ,Healthcare,Medical Appliances & Equipment
998,CSIQ,Canadian Solar Inc. ,Technology,Semiconductor - Specialized
1002,CSS,CSS Industries Inc. Common Sto ,Services,Specialty Retail Other
1011,CTB,Cooper Tire & Rubber Company Co ,Consumer Goods,Rubber & Plastics
1029,CTS,CTS Corporation Common ,Technology,Diversified Electronics
4326,CUBE, CubeSmart Common Shares ,Financial,REIT - Industrial
10223,CUT,Guggenheim Timber ETF,Global Equity ETF,
1042,CVD,Covance Inc. Common ,Healthcare,Medical Laboratories & Research
1043,CVE,Cenovus Energy Inc Common ,Basic Materials,Oil & Gas Drilling & Exploration
1049,CVLT,CommVault Systems Inc. ,Technology,Application Software
1072,CXW,Corrections Corporation of Amer ,Services,Management Services
1081,CYH,Community Health Systems Inc.  ,Healthcare,Hospitals
1093,CZZ,Cosan Limited Class A Common St ,Consumer Goods,Confectioners
1104,DB,Deutsche Bank AG Common ,Financial,Foreign Regional Banks
1118,DDS,Dillard's Inc. Common ,Services,Department Stores
1119,DE,Deere & Company Common ,Industrial Goods,Farm & Construction Machinery
1122,DEG,Etablissements Delhaize Freres  ,Services,Grocery Stores
1126,DELL,Dell Inc. ,Technology,Personal Computers
4364,DEX, Delaware Enhanced Global Divide ,N/A,N/A
1133,DFR,CIFC Corp. ,Financial,Asset Management
1137,DG,Dollar General Corporation Comm ,Services,Discount Variety Stores
1138,DGAS,Delta Natural Gas Company Inc. ,Utilities,Gas Utilities
1151,DIOD,Diodes Incorporated ,Technology,Semiconductor - Integrated Circuits
1159,DK,Delek US Holdings Inc. Common  ,Basic Materials,Oil & Gas Refining & Marketing
1168,DLTR,Dollar Tree Inc. ,Services,Discount Variety Stores
1173,DMND,Diamond Foods Inc. ,Consumer Goods,Processed & Packaged Goods
1181,DOLE,Dole Food Company Inc Common S ,Consumer Goods,Food - Major Diversified
1183,DORM,Dorman Products Inc. ,Consumer Goods,Auto Parts
4424,DWAS, PowerShares DWA SmallCap Techni ,N/A,N/A
1231,DWCH,Datawatch Corporation ,Technology,Business Software & Services
1234,DX,Dynex Capital Inc. Common Stoc ,Financial,Mortgage Investment
1236,DXPE,DXP Enterprises Inc. ,Services,Industrial Equipment Wholesale
1248,EBIX,Ebix Inc ,Technology,Business Software & Services
1264,EDAC,Edac Technologies Corporation ,Industrial Goods,Aerospace/Defense Products & Services
1269,EDMC,Education Management Corporatio ,Services,Education & Training Services
10666,EELV,PowerShares S&P Emerging Markets Low Vol,Global Equity ETF,
4458,EIV, Eaton Vance Municipal Bond Fund ,Financial,Closed-End Fund - Debt
1307,ELOS,Syneron Medical Ltd. ,Healthcare,Medical Appliances & Equipment
10874,EMCD,SPDR BofA ML EM Corp Bd ETF,Fixed Income ETF,
10455,EMIF,iShares S&P Emerging Markets Infrastructure Index Fund ETF,Global Equity ETF,
1323,EMR,Emerson Electric Company Common ,Industrial Goods,Industrial Equipment & Components
10409,EPP,iShares MSCI Pacific Ex-Japan Index Fund ETF,Global Equity ETF,
4499,ETG, Eaton Vance Tax-Advantaged Glob ,N/A,N/A
4508,EVAC, Edwards Group Limited ,Industrial Goods,Diversified Machinery
4509,EVER, EverBank Financial Corp. Common ,Financial,Regional - Southeast Banks
1398,EVI,EnviroStar Inc.  Common ,Services,Consumer Services
4514,EVN, Eaton Vance Municipal Income Tr ,Financial,Closed-End Fund - Debt
4518,EVV, Eaton Vance Limited Duration In ,Financial,Closed-End Fund - Debt
10499,EVX,Market Vectors Environment Index ETF Fund ETF,US Equity ETF,
4519,EVY, Eaton Vance New York Municipal  ,Financial,Closed-End Fund - Debt
1401,EW,Edwards Lifesciences Corporatio ,Healthcare,Medical Appliances & Equipment
10393,EWH,iShares MSCI Hong Kong Index Fund ETF,Global Equity ETF,
10404,EWM,iShares MSCI Malaysia Index Fund ETF,Global Equity ETF,
10214,EWMD,Guggenheim S&P MidCap 400 Equal Weight ETF,US Equity ETF,
1403,EXAC,Exactech Inc. ,Healthcare,Medical Appliances & Equipment
1409,EXEL,Exelixis Inc. ,Healthcare,Biotechnology
1422,EXR,Extra Space Storage Inc Common  ,Financial,REIT - Industrial
1423,EXTR,Extreme Networks Inc. ,Technology,Networking & Communication Devices
1424,EZCH,EZchip Semiconductor Limited ,Technology,Semiconductor Equipment & Materials
4535,FBHS, Fortune Brands Home & Security  ,Consumer Goods,Home Furnishings & Fixtures
1443,FCBC,First Community Bancshares Inc ,Financial,Regional - Mid-Atlantic Banks
1444,FCCY,1st Constitution Bancorp (NJ) ,Financial,Regional - Northeast Banks
1450,FCN,FTI Consulting Inc. Common Sto ,Services,Management Services
1456,FCY,Forest City Enterprises Inc Sen ,NULL,NULL
4543,FDUS, Fidus Investment Corporation ,Financial,Asset Management
4549,FET, Forum Energy Technologies  Inc. ,Basic Materials,Oil & Gas Equipment & Services
4553,FFN, FriendFinder Networks Inc. ,Technology,Internet Software & Services
10042,FGEM,EGShares Financials GEMS ETF,Global Equity ETF,
1490,FINL,The Finish Line Inc. ,Services,Specialty Retail Other
1492,FIRE,Sourcefire Inc. ,Technology,Security Software & Services
1494,FISI,Financial Institutions Inc. ,Financial,Regional - Mid-Atlantic Banks
4562,FLAT, iPath US Treasury Flattener ETN ,N/A,N/A
1509,FLWS,1-800 FLOWERS.COM Inc. ,Services,Specialty Retail Other
1520,FN,Fabrinet Ordinary Shares ,Consumer Goods,Electronic Equipment
1521,FNB,F.N.B. Corporation Common ,Financial,Regional - Southeast Banks
10099,FNK,First Trust Mid Cap Value AlphaDEX ETF,US Equity ETF,
1527,FNSR,Finisar Corporation ,Technology,Networking & Communication Devices
10097,FNX,First Trust Mid Cap Core AlphaDEX ETF,US Equity ETF,
10098,FNY,First Trust Mid Cap Growth AlphaDEX ETF,US Equity ETF,
1536,FOSL,Fossil Inc. ,Consumer Goods,Recreational Goods Other
10055,FPA,First Trust Asia Pacific Ex-Japan AlphaDEX ETF,Global Equity ETF,
4577,FPT, Federated Premier Intermediate  ,N/A,N/A
1543,FRED,Fred's Inc. ,Services,Discount Variety Stores
4584,FSC, Fifth Street Finance Corp. ,N/A,N/A
4587,FSL, Freescale Semiconductor  Ltd Co ,Technology,Semiconductor - Broad Line
1560,FSP,Franklin Street Properties Corp ,Financial,REIT - Office
1565,FSTR,L.B. Foster Company ,Services,Basic Materials Wholesale
1570,FTK,Flotek Industries Inc. Common  ,Basic Materials,Specialty Chemicals
10063,FXG,First Trust Cons. Staples AlphaDEX ETF,US Equity ETF,
10080,FXR,First Trust Industrials AlphaDEX ETF,US Equity ETF,
1627,GES,Guess? Inc. Common ,Services,Apparel Stores
10503,GEX,Market Vectors Global Alternative Energy ETF,Global Equity ETF,
4640,GF, New Germany Fund  Inc. (The) Co ,N/A,N/A
1631,GFF,Griffon Corporation Common Stoc ,Industrial Goods,General Building Materials
1635,GG,Goldcorp Incorporated Common St ,Basic Materials,Gold
1639,GGG,Graco Inc. Common ,Industrial Goods,Diversified Machinery
1645,GHM,Graham Corporation Common ,Industrial Goods,Metal Fabrication
1651,GIL,Gildan Activewear Inc. Class A ,Consumer Goods,Textile - Apparel Clothing
1654,GIS,General Mills Inc. Common Stoc ,Consumer Goods,Processed & Packaged Goods
10187,GIY,Guggenheim Enhanced Core Bond ETF,Fixed Income ETF,
1657,GKNT,Geeknet Inc. ,Technology,Internet Software & Services
1658,GKSR,G&K Services Inc. ,Services,Personal Services
4659,GLDC, Golden Enterprises  Inc. ,Consumer Goods,Processed & Packaged Goods
4660,GLO, Clough Global Opportunities Fun ,N/A,N/A
4666,GLV, Clough Global Allocation Fund C ,Financial,Closed-End Fund - Equity
4667,GMA, GMAC LLC 7.30% Public Income No ,N/A,N/A
4670,GMLP, Golar LNG Partners LP ,N/A,N/A
1688,GNTX,Gentex Corporation ,Consumer Goods,Auto Parts
4677,GOODN, Gladstone Commercial Corporatio ,N/A,N/A
4681,GRES, IQ ARB Global Resources ETF ,N/A,N/A
4683,GRFS, Grifols  S.A. ,N/A,N/A
10021,GRI,Cohen & Steers Global Realty Majors ETF,Global Equity ETF,
1718,GROW,U.S. Global Investors Inc. ,Financial,Asset Management
4697,GSV, Gold Standard Ventures Corporat ,Basic Materials,Gold
4704,GTIV, Gentiva Health Services  Inc. ,Healthcare,Home Health Care
4722,GWR, Genesee & Wyoming Inc. Class A  ,Services,Railroads
1738,GWRE,Guidewire Software Inc. Common ,Technology,Business Software & Services
10918,GXC,SPDR S&P China ETF,Global Equity ETF,
4735,HAE, Haemonetics Corporation Common  ,Healthcare,Medical Instruments & Supplies
10184,HAO,Guggenheim China Small Cap ETF,Global Equity ETF,
4743,HAST, Hastings Entertainment  Inc. ,Services,Music & Video Stores
4747,HAYN, Haynes International  Inc. ,Basic Materials,Steel & Iron
4750,HBC, HSBC Holdings  plc. Common Stoc ,N/A,N/A
4763,HCC, HCC Insurance Holdings  Inc. Co ,Financial,Property & Casualty Insurance
4780,HE, Hawaiian Electric Industries  I ,Utilities,Electric Utilities
4783,HEI, Heico Corporation Common ,Industrial Goods,Aerospace/Defense Products & Services
4806,HIF, Western Asset High Income Fund  ,Financial,Closed-End Fund - Debt
4825,HJR, MS Structured Asset Corp. MS St ,N/A,N/A
4832,HLIT, Harmonic Inc. ,Technology,Communication Equipment
4851,HNRG, Hallador Energy Company ,Basic Materials,Nonmetallic Mineral Mining
4863,HOME, Home Federal Bancorp  Inc. ,Financial,Savings & Loans
4864,HON, Honeywell International Inc. Co ,Industrial Goods,Aerospace/Defense Products & Services
4877,HPOL, Harris Interactive  Inc. ,Services,Management Services
4881,HPT, Hospitality Properites Trust Co ,Financial,REIT - Retail
4883,HPY, Heartland Payment Systems  Inc. ,Services,Business Services
4895,HSC, Harsco Corporation Common ,Basic Materials,Steel & Iron
4897,HSH, Hillshire Brands Company (The)  ,Consumer Goods,Processed & Packaged Goods
4902,HSOL, Hanwha SolarOne Co.  Ltd. ,Technology,Semiconductor - Specialized
4913,HTCO, Hickory Tech Corporation ,Technology,Telecom Services - Domestic
4967,IBCPO, Independent Bank Corporation ,N/A,N/A
4973,IBOC, International Bancshares Corpor ,Financial,Regional - Southwest  Banks
4976,ICB, MS Income Securities  Inc. Comm ,Financial,Closed-End Fund - Debt
4977,ICCC, ImmuCell Corporation ,Healthcare,Diagnostic Substances
4990,IDE, ING Infrastructure Industrial a ,N/A,N/A
10660,IDHB,PowerShares S&amp;P Intl Dev High Beta ETF,Global Equity ETF,
10251,IEF,iShares Barclays 7-10 Year Treasury Bond Fund ETF,Fixed Income ETF,
10298,IFAS,iShares FTSE EPRA/NAREIT Asia Index Fund ETF,Global Equity ETF,
10300,IFGL,iShares FTSE EPRA/NAREIT Global Real Estate ex-U.S. Index Fund ETF,Global Equity ETF,
5006,IFMI, Institutional Financial Markets ,Financial,Mortgage Investment
5024,IHD, ING Emerging Markets High Divid ,N/A,N/A
5026,IHS, IHS Inc. IHS Inc. Class A Commo ,Technology,Information & Delivery Services
10474,IJH,iShares S&P MidCap 400 Index Fund ETF,US Equity ETF,
10473,IJK,iShares S&P MidCap 400 Growth Index Fund ETF,US Equity ETF,
5053,INB, Cohen & Steers Global Income Bu ,N/A,N/A
1745,INCY,Incyte Corporation ,Healthcare,Biotechnology
5055,INF, Brookfield Global Listed Infras ,N/A,N/A
1770,INVE,Identive Group Inc. ,Technology,Computer Peripherals
10931,IPD,SPDR S&P International Consumer Discretionary Sector ETF,Global Equity ETF,
10872,IPE,SPDR Barclays Capital TIPS ETF,Fixed Income ETF,
1785,IPHS,Innophos Holdings Inc. ,Basic Materials,Specialty Chemicals
10938,IRV,SPDR S&P International Materials Sector ETF,Global Equity ETF,
5076,ISD, Prudential Short Duration High  ,N/A,N/A
5078,ISM, SLM Corporation ,N/A,N/A
1812,ISR,IsoRay Inc. Common ,Healthcare,Medical Instruments & Supplies
1814,ISRL,Isramco Inc. ,Basic Materials,Independent Oil & Gas
1816,ISSC,Innovative Solutions and Suppor ,Technology,Business Software & Services
10487,ITF,iShares S&P/TOPIX 150 Index Fund ETF,Global Equity ETF,
11007,IVOG,Vanguard S&P Mid-Cap 400 Growth ETF,US Equity ETF,
11006,IVOO,Vanguard S&P Mid-Cap 400 ETF,US Equity ETF,
10267,IYT,iShares Dow Jones Transportation Average Index Fund ETF,US Equity ETF,
1840,JAKK,JAKKS Pacific Inc. ,Consumer Goods,Toys & Games
1853,JCS,Communications Systems Inc. ,Technology,Communication Equipment
5089,JDD, Nuveen Diversified Dividend and ,Financial,Closed-End Fund - Equity
1858,JEF,Jefferies Group Inc. Common St ,Financial,Investment Brokerage - Regional
1861,JJSF,J & J Snack Foods Corp. ,Consumer Goods,Processed & Packaged Goods
10330,JKJ,iShares Morningstar Small Core Index Fund ETF,US Equity ETF,
1864,JLL,Jones Lang LaSalle Incorporated ,Financial,Property Management
5114,JLS, Nuveen Mortgage Opportunity Ter ,N/A,N/A
1868,JNPR,Juniper Networks Inc. Common S ,Technology,Networking & Communication Devices
5140,JZL, Lehman ABS Corporation 6.25% Co ,N/A,N/A
1890,KAR,KAR Auction Services Inc Commo ,Services,Auto Dealerships
10644,KBWD,PowerShares KBW High Dividend Yield Financial Portfolio ETF,US Equity ETF,
10894,KCE,SPDR KBW Capital Markets ETF,US Equity ETF,
1904,KEM,Kemet Corporation New Common St ,Technology,Diversified Electronics
1910,KEYN,Keynote Systems Inc. ,Technology,Internet Software & Services
1913,KFFG,Kaiser Federal Financial Group ,Financial,Savings & Loans
1914,KFN,KKR Financial Holdings LLC Comm ,Financial,Mortgage Investment
1929,KKR,KKR & Co. L.P. Common Units Rep ,Financial,Asset Management
5158,KMPR, Kemper Corporation ,Financial,Property & Casualty Insurance
10495,KOL,Market Vectors Coal ETF,Global Equity ETF,
1952,KORS,Michael Kors Holdings Limited O ,Services,Apparel Stores
1955,KRA,Kraton Performance Polymers In ,Basic Materials,Specialty Chemicals
1964,KSWS,K-Swiss Inc. ,Consumer Goods,Textile - Apparel Footwear & Accessories
1970,KUTV,Ku6 Media Co. Ltd. ,Services,Entertainment - Diversified
1971,KVHI,KVH Industries Inc. ,Technology,Communication Equipment
1975,KXM,Kobex Minerals Inc. ,Basic Materials,Industrial Metals & Minerals
1977,L,Loews Corporation Common ,Financial,Property & Casualty Insurance
1978,LABL,Multi-Color Corporation ,Services,Business Services
1983,LANC,Lancaster Colony Corporation ,Consumer Goods,Food - Major Diversified
1985,LAWS,Lawson Products Inc. ,Services,Industrial Equipment Wholesale
1986,LAYN,Layne Christensen Company ,Industrial Goods,Heavy Construction
2000,LDR,Landauer Inc. Common ,Technology,Scientific & Technical Instruments
2011,LFC,China Life Insurance Company Li ,Financial,Life Insurance
2022,LIFE,Life Technologies Corporation ,Healthcare,Medical Laboratories & Research
2024,LIME,Lime Energy Co. ,Services,Technical Services
2035,LLL,L-3 Communications Holdings In ,Industrial Goods,Aerospace/Defense Products & Services
2036,LLNW,Limelight Networks Inc. ,Services,Business Services
2037,LLTC,Linear Technology Corporation ,Technology,Semiconductor - Specialized
5192,LMCA, Liberty Media Corporation ,Services,Entertainment - Diversified
2041,LMIA,LMI Aerospace Inc. ,Industrial Goods,Aerospace/Defense Products & Services
2047,LNC,Lincoln National Corporation Co ,Financial,Life Insurance
2062,LONG,eLong Inc. ,Services,Personal Services
2066,LOV,Spark Networks Inc. Common Sto ,Services,Consumer Services
5198,LPI, Laredo Petroleum Holdings  Inc. ,Basic Materials,Independent Oil & Gas
2099,LUK,Leucadia National Corporation C ,Conglomerates,Conglomerates
2102,LUV,Southwest Airlines Company Comm ,Services,Regional Airlines
2108,LXK,Lexmark International Inc. Com ,Technology,Computer Based Systems
2113,LYG,Lloyds Banking Group Plc Americ ,Financial,Foreign Money Center Banks
2125,MAKO,MAKO Surgical Corp. ,Healthcare,Medical Appliances & Equipment
2133,MAS,Masco Corporation Common ,Industrial Goods,General Building Materials
2137,MATW,Matthews International Corporat ,Industrial Goods,Metal Fabrication
10360,MCHI,iShares MSCI China ETF,Global Equity ETF,
2156,MCHP,Microchip Technology Incorporat ,Technology,Semiconductor - Specialized
2162,MCRL,Micrel Incorporated ,Technology,Semiconductor - Integrated Circuits
2167,MD,Mednax Inc. Common ,Healthcare,Specialized Health Services
2179,MDSO,Medidata Solutions Inc. ,Technology,Healthcare Information Services
10945,MDY,SPDR S&P MidCap 400 ETF,US Equity ETF,
10907,MDYG,SPDR S&P 400 Mid Cap Growth ETF (MDYG) ETF,US Equity ETF,
2195,MENT,Mentor Graphics Corporation ,Technology,Technical & System Software
2211,MGA,Magna International Inc. Commo ,Consumer Goods,Auto Parts
2212,MGAM,Multimedia Games Holding Compan ,Services,Gaming Activities
2217,MGLN,Magellan Health Services Inc. ,Healthcare,Health Care Plans
2221,MGRC,McGrath RentCorp ,Services,Rental & Leasing Services
2226,MHK,Mohawk Industries Inc. Common  ,Industrial Goods,Textile Industrial
5253,MIDU, Direxion Mid Cap Bull 3X Shares ,N/A,N/A
2245,MLAB,Mesa Laboratories Inc. ,Healthcare,Medical Instruments & Supplies
2247,MLHR,Herman Miller Inc. ,Consumer Goods,Business Equipment
2256,MMLP,Martin Midstream Partners L.P. ,Basic Materials,Oil & Gas Pipelines
2270,MNRO,Monro Muffler Brake Inc. ,Consumer Goods,Auto Parts
2282,MOLXA,Molex Incorporated ,NULL,NULL
2295,MPR,Met-Pro Corporation Common Stoc ,Industrial Goods,Diversified Machinery
2304,MRLN,Marlin Business Services Corp. ,Financial,Mortgage Investment
2316,MSFG,MainSource Financial Group Inc ,Financial,Regional - Midwest Banks
2317,MSFT,Microsoft Corporation ,Technology,Application Software
2329,MTD,Mettler-Toledo International I ,Healthcare,Medical Instruments & Supplies
2331,MTEX,Mannatech Incorporated ,Consumer Goods,Personal Products
5309,MTGE, American Capital Mortgage Inves ,Financial,REIT - Diversified
2337,MTRX,Matrix Service Company ,Industrial Goods,Heavy Construction
2342,MTW,Manitowoc Company Inc. (The) C ,Industrial Goods,Farm & Construction Machinery
2345,MU,Micron Technology Inc. ,Technology,Semiconductor- Memory Chips
10236,MUAC,iShares 2014 S&P AMT-Free Municipal Series ETF,Fixed Income ETF,
10729,MVV,ProShares Ultra MidCap400 ETF,Commodity Based ETF,
2353,MWA,MUELLER WATER PRODUCTS Common S ,Industrial Goods,Industrial Equipment & Components
5329,MX, MagnaChip Semiconductor Corpora ,Technology,Semiconductor - Specialized
2366,MYRG,MYR Group Inc. ,Industrial Goods,General Contractors
5348,NAI, AGIC International & Premium St ,N/A,N/A
5363,NCO, Nuveen California Municipal Mar ,Financial,Closed-End Fund - Debt
2397,NCR,NCR Corporation Common ,Technology,Information Technology Services
5367,NCV, AGIC Convertible & Income Fund ,N/A,N/A
2423,NFG,National Fuel Gas Company Commo ,Utilities,Gas Utilities
2439,NICE,NICE-Systems Limited ,NULL,NULL
2450,NKSH,National Bankshares Inc. ,Financial,Regional - Mid-Atlantic Banks
2463,NNI,Nelnet Inc. Common ,Financial,Credit Services
2470,NOK,Nokia Corporation Sponsored Ame ,Technology,Communication Equipment
2475,NP,Neenah Paper Inc. Common ,Consumer Goods,Paper & Paper Products
5416,NPI, Nuveen Premium Income Municipal ,N/A,N/A
2479,NPO,Enpro Industries Inc ,Industrial Goods,Industrial Equipment & Components
5419,NPP, Nuveen Performance Plus Municip ,N/A,N/A
5424,NPY, Nuveen Pennsylvania Premium Inc ,Financial,Closed-End Fund - Debt
2481,NR,Newpark Resources Inc. Common  ,Basic Materials,Oil & Gas Equipment & Services
2498,NSYS,Nortech Systems Incorporated ,Technology,Diversified Electronics
5451,NUJ, Nuveen New Jersey Dividend Adva ,N/A,N/A
2518,NUTR,Nutraceutical International Cor ,Healthcare,Drug Related Products
2525,NVMI,Nova Measuring Instruments Ltd. ,Industrial Goods,Diversified Machinery
5462,NVX, Nuveen California Dividend Adva ,Financial,Closed-End Fund - Debt
2535,NWL,Newell Rubbermaid Inc. Common S ,Consumer Goods,Housewares & Accessories
2541,NWY,New York & Company Inc. New Yo ,Services,Apparel Stores
2542,NX,Quanex Building Products Corpor ,Industrial Goods,General Building Materials
5475,NYH, Eaton Vance New York Municipal  ,Financial,Closed-End Fund - Debt
2554,OABC,OmniAmerican Bancorp Inc. ,Financial,Regional - Southwest  Banks
2562,OCLS,Oculus Innovative Sciences Inc ,Healthcare,Medical Instruments & Supplies
2575,OFLX,Omega Flex Inc. ,Industrial Goods,Industrial Equipment & Components
2576,OGE,OGE Energy Corporation Common S ,Utilities,Electric Utilities
2589,OLP,One Liberty Properties Inc. Co ,Financial,REIT - Diversified
2621,ORA,Ormat Technologies Inc. Common ,Utilities,Electric Utilities
5498,OSH, Orchard Supply Hardware Stores  ,Services,Home Improvement Stores
2636,OSIR,Osiris Therapeutics Inc. ,Healthcare,Biotechnology
2654,OXM,Oxford Industries Inc. Common  ,Consumer Goods,Textile - Apparel Clothing
2662,PACB,Pacific Biosciences of Californ ,Healthcare,Biotechnology
5503,PACD, Pacific Drilling S.A. Common Sh ,Basic Materials,Oil & Gas Drilling & Exploration
2672,PAY,Verifone Systems Inc. Common S ,Consumer Goods,Business Equipment
2673,PAYX,Paychex Inc. ,Services,Staffing & Outsourcing Services
2675,PBH,Prestige Brand Holdings Inc. C ,Healthcare,Drug Related Products
5522,PCOM, Points International  Ltd. ,N/A,N/A
2711,PEGA,Pegasystems Inc. ,Technology,Business Software & Services
2723,PFBC,Preferred Bank ,Financial,Regional - Pacific Banks
2727,PFG,Principal Financial Group Inc C ,Financial,Asset Management
5539,PFLT, PennantPark Floating Rate Capit ,N/A,N/A
5541,PFN, PIMCO Income Strategy Fund II ,N/A,N/A
10677,PHO,PowerShares Water Resource Port ETF,US Equity ETF,
10581,PKB,PowerShares Dynamic Build & Construction ETF,US Equity ETF,
2777,PLPC,Preformed Line Products Company ,Industrial Goods,Industrial Electrical Equipment
2787,PMCS,PMC ,Technology,Semiconductor - Integrated Circuits
10600,PMR,PowerShares Dynamic Retail ETF,US Equity ETF,
2790,PMT,PennyMac Mortgage Investment Tr ,Financial,REIT - Residential
2791,PMTC,Parametric Technology Corporati ,Technology,Technical & System Software
2792,PMTI,Palomar Medical Technologies I ,Healthcare,Medical Appliances & Equipment
2798,PNR,Pentair Inc. Common ,Industrial Goods,Industrial Equipment & Components
2805,PODD,Insulet Corporation ,Healthcare,Medical Instruments & Supplies
2814,POWR,PowerSecure International Inc ,Services,Business Services
10562,PPA,PowerShares Aerospace & Defense ETF,US Equity ETF,
2818,PPG,PPG Industries Inc. Common Sto ,Basic Materials,Specialty Chemicals
2825,PRAA,Portfolio Recovery Associates  ,Services,Business Services
2834,PRI,Primerica Inc. Common ,Financial,Life Insurance
2835,PRIM,Primoris Services Corporation ,Industrial Goods,Heavy Construction
10672,PSCI,PowerShares S&P SmallCap Industrials Portfolio ETF,US Equity ETF,
2858,PSID,POSITIVEID CORPORATI ,Technology,Communication Equipment
2859,PSMT,PriceSmart Inc. ,Services,Discount Variety Stores
2860,PSO,Pearson Plc Common ,Services,Publishing - Books
10650,PSP,PowerShares Listed Private Equity ETF,Global Equity ETF,
2872,PTIX,Performance Technologies Incor ,Technology,Networking & Communication Devices
2878,PTSI,P.A.M. Transportation Services ,Services,Trucking
2902,PXD,Pioneer Natural Resources Compa ,Basic Materials,Independent Oil & Gas
10597,PXQ,PowerShares Dynamic Networking ETF,US Equity ETF,
10579,PYZ,PowerShares Dynamic Basic Materials ETF,US Equity ETF,
2914,QCOM,QUALCOMM Incorporated ,Technology,Communication Equipment
2917,QDEL,Quidel Corporation ,Healthcare,Diagnostic Substances
2950,RBS,Royal Bank of Scotland Group Pl ,NULL,NULL
2953,RCII,Rent-A-Center Inc. ,Services,Rental & Leasing Services
2957,RCMT,RCM Technologies Inc. ,Services,Staffing & Outsourcing Services
2964,RDN,Radian Group Inc. Common ,Financial,Property & Casualty Insurance
2967,RDY,Dr. Reddy's Laboratories Ltd Co ,Healthcare,Drug Manufacturers - Other
2978,RELV,Reliv' International Inc. ,Healthcare,Biotechnology
10303,REM,iShares FTSE NAREIT Mortgage REITs Index Fund ETF,US Equity ETF,
2983,REV,Revlon Inc. New Common ,Consumer Goods,Personal Products
10215,RFG,Guggenheim S&P MidCap 400 Pure Growth ETF,US Equity ETF,
2991,RGCO,RGC Resources Inc. ,Utilities,Gas Utilities
10208,RGI,Guggenheim S&P Equal Weight Industrials ETF,US Equity ETF,
2998,RIC,Richmont Mines Inc. Common Sto ,Basic Materials,Gold
5631,RIF, RMR Real Estate Income Fund Com ,N/A,N/A
3003,RIMM,Research In Motion Limited ,NULL,NULL
3004,RIO,Rio Tinto Plc Common ,Basic Materials,Industrial Metals & Minerals
5648,RNP, Cohen & Steers Reit and Preferr ,Financial,Closed-End Fund - Equity
3032,ROIAK,Radio One Inc. ,Services,Broadcasting - Radio
3034,ROK,Rockwell Automation Inc. Commo ,Industrial Goods,Industrial Electrical Equipment
3035,ROL,Rollins Inc. Common ,Services,Business Services
3041,ROVI,Rovi Corporation ,Technology,Multimedia & Graphics Software
3044,RP,RealPage Inc. ,Technology,Application Software
3046,RPM,RPM International Inc. Common S ,Basic Materials,Specialty Chemicals
3064,RTEC,Rudolph Technologies Inc. ,Technology,Scientific & Technical Instruments
3065,RTI,RTI International Metals Inc.  ,Services,Industrial Equipment Wholesale
3067,RTK,Rentech Inc. Common ,Basic Materials,Agricultural Chemicals
3072,RUSHA,Rush Enterprises Inc. ,NULL,NULL
3073,RUSHB,Rush Enterprises Inc. ,Services,Auto Dealerships
5666,RVP, Retractable Technologies  Inc.  ,Healthcare,Medical Instruments & Supplies
5667,RVT, Royce Value Trust  Inc. Common  ,Financial,Closed-End Fund - Equity
10881,RWO,SPDR Dow Jones Global Real Estate ETF,Global Equity ETF,
3087,SABA,Saba Software Inc. ,Technology,Business Software & Services
3111,SBH,Sally Beauty Holdings Inc. (Na ,Services,Specialty Retail Other
10840,SCHO,Schwab Short-Term U.S. Treasury ETF,Fixed Income ETF,
10850,SCHP,Schwab U.S. TIPS ETF,Fixed Income ETF,
3125,SCHS,School Specialty Inc. ,Services,Education & Training Services
3138,SCR,Simcere Pharmaceutical Group Si ,Healthcare,Drug Manufacturers - Other
3140,SCSC,ScanSource Inc. ,Technology,Technical & System Software
3147,SDRL,Seadrill Limited Ordinary Share ,Basic Materials,Oil & Gas Drilling & Exploration
10220,SEA,Guggenheim Shipping ETF,Global Equity ETF,
3151,SEE,Sealed Air Corporation Common S ,Consumer Goods,Packaging & Containers
3160,SFD,Smithfield Foods Inc. Common S ,Consumer Goods,Meat Products
3166,SFNC,Simmons First National Corporat ,Financial,Regional - Southeast Banks
3180,SGY,Stone Energy Corporation Common ,Basic Materials,Independent Oil & Gas
3181,SGZ,Selective Insurance Group Inc. ,NULL,NULL
3196,SHS,Sauer-Danfoss Inc. Common ,Industrial Goods,Diversified Machinery
10248,SHY,iShares Barclays 1-3 Year Treasury Bond Fund ETF,Fixed Income ETF,
3201,SID,Companhia Siderurgica Nacional  ,Basic Materials,Steel & Iron
3228,SKX,Skechers U.S.A. Inc. Common St ,Consumer Goods,Textile - Apparel Footwear & Accessories
5713,SLA, American Select Portfolio  Inc. ,Financial,Closed-End Fund - Debt
3236,SLH,Solera Holdings Inc. Solera Ho ,Technology,Business Software & Services
10913,SLYG,SPDR S&P 600 Small Cap Value ETF (SLYG) ETF,US Equity ETF,
3245,SM,SM Energy Company Common ,Basic Materials,Independent Oil & Gas
3259,SMSI,Smith Micro Software Inc. ,Technology,Application Software
3262,SMTX,SMTC Corporation ,Technology,Printed Circuit Boards
3270,SNH,Senior Housing Properties Trust ,Financial,REIT - Residential
3276,SNPS,Synopsys Inc. ,Technology,Semiconductor Equipment & Materials
3288,SOHU,Sohu.com Inc. ,Technology,Internet Information Providers
3290,SOMH,Somerset Hills Bancorp ,Financial,Regional - Northeast Banks
5725,SOR, Source Capital  Inc. Common Sto ,Financial,Closed-End Fund - Equity
10431,SOXX,iShares PHLX SOX Semiconductor Sector Index Fund ETF,US Equity ETF,
3344,SSRI,Silver Standard Resources Inc ,Basic Materials,Silver
3346,SSS,Sovran Self Storage Inc. Commo ,Financial,REIT - Industrial
3347,SSW,Seaspan Corporation Seaspan Cor ,Services,Shipping
3352,STAN,Standard Parking Corporation ,Services,Consumer Services
3366,STLY,Stanley Furniture Company Inc. ,Consumer Goods,Home Furnishings & Fixtures
3369,STN,Stantec Inc Common ,Services,Technical Services
3388,STX,Seagate Technology. ,Technology,Data Storage Devices
3391,SU,Suncor Energy  Inc. Common Stoc ,Basic Materials,Independent Oil & Gas
3397,SUP,Superior Industries Internation ,Consumer Goods,Auto Parts
5759,SVBL, Silver Bull Resources  Inc Comm ,Basic Materials,Industrial Metals & Minerals
5760,SVLC, SilverCrest Mines  Inc. Ordinar ,Basic Materials,Industrial Metals & Minerals
3405,SVM,Silvercorp Metals Inc Ordinary  ,Basic Materials,Silver
3423,SXT,Sensient Technologies Corporati ,Basic Materials,Specialty Chemicals
3425,SYBT,S.Y. Bancorp Inc. ,Financial,Regional - Southeast Banks
3426,SYK,Stryker Corporation Common Stoc ,Healthcare,Medical Appliances & Equipment
10183,TAO,Guggenheim China Real Estate ETF,Global Equity ETF,
3454,TBBK,The Bancorp Inc. ,Financial,Regional - Mid-Atlantic Banks
3457,TC,Thompson Creek Metals Company I ,Basic Materials,Industrial Metals & Minerals
3458,TCB,TCF Financial Corporation Commo ,Financial,Money Center Banks
10028,TDH,DBX TDX Independence 2020 ETF,Fixed Income ETF,
5793,TDIV, First Trust Exchange-Traded Fun ,N/A,N/A
3477,TDY,Teledyne Technologies Incorpora ,Industrial Goods,Aerospace/Defense Products & Services
3478,TE,TECO Energy Inc. Common ,Utilities,Electric Utilities
5798,TECUB, Tecumseh Products Company ,N/A,N/A
3491,TESS,TESSCO Technologies Incorporate ,Services,Electronics Wholesale
5803,TGD, Timmins Gold Corp Common Shares ,Basic Materials,Gold
3503,TGH,Textainer Group Holdings Limite ,Services,Rental & Leasing Services
3504,TGI,Triumph Group Inc. Common Stoc ,Industrial Goods,Aerospace/Defense Products & Services
3515,THO,Thor Industries Inc. Common St ,Consumer Goods,Recreational Vehicles
3516,THOR,Thoratec Corporation ,Healthcare,Medical Instruments & Supplies
3517,THQI,THQ Inc. ,Technology,Multimedia & Graphics Software
5806,THR, Thermon Group Holdings  Inc. Co ,Industrial Goods,Diversified Machinery
5807,THRM, Gentherm Inc ,Consumer Goods,Auto Parts
3524,TIF,Tiffany & Co. Common ,Services,Jewelry Stores
3525,TIGR,TigerLogic Corporation ,Technology,Application Software
3533,TIVO,TiVo Inc. ,Services,CATV Systems
3535,TK,Teekay Corporation Common ,Services,Shipping
3548,TMNG,The Management Network Group I ,Services,Management Services
5815,TMS, TMS International Corp. Class A ,Industrial Goods,Diversified Machinery
3576,TRAK,DealerTrack Holdings Inc. ,Technology,Internet Software & Services
3579,TREX,Trex Company Inc. Common ,Industrial Goods,General Building Materials
3582,TRI,Thomson Reuters Corp Ordinary S ,Technology,Information & Delivery Services
5825,TRNM, RBS US Mid Cap Trendpilot ETN ,N/A,N/A
3593,TROW,T. Rowe Price Group Inc. ,Financial,Asset Management
3594,TRP,Transcanada Corporation (Holdin ,Utilities,Gas Utilities
5831,TRQ, Turquoise Hill Resources Ltd. O ,Basic Materials,Industrial Metals & Minerals
3596,TRS,TriMas Corporation ,Industrial Goods,Industrial Equipment & Components
3607,TSLA,Tesla Motors Inc. ,Consumer Goods,Auto Manufacturers - Major
3608,TSM,Taiwan Semiconductor Manufactur ,Technology,Semiconductor - Integrated Circuits
3629,TU,TELUS Corporation Common ,Technology,Wireless Communications
5851,TYD, Direxion Daily 10-Yr Treasury B ,N/A,N/A
5853,TYN, Tortoise North American Energy  ,Financial,Closed-End Fund - Equity
3658,UAM,Universal American Corporation  ,Healthcare,Health Care Plans
3662,UBOH,United Bancshares Inc. ,Financial,Money Center Banks
3669,UCTT,Ultra Clean Holdings Inc. ,Technology,Semiconductor - Specialized
10761,UMDD,ProShares UltraPro MidCap400 ETF,Commodity Based ETF,
3697,UMPQ,Umpqua Holdings Corporation ,Financial,Regional - Pacific Banks
3708,UNT,Unit Corporation Common ,Basic Materials,Oil & Gas Drilling & Exploration
3722,USAP,Universal Stainless & Alloy Pro ,Basic Materials,Steel & Iron
10711,UST,ProShares Ultra 7-10 Year Treasury ETF,Commodity Based ETF,
3735,USU,USEC Inc. Common ,Basic Materials,Industrial Metals & Minerals
5903,UZA, United States Cellular Corporat ,N/A,N/A
3751,VALE,VALE S.A.  American Depositary  ,Basic Materials,Industrial Metals & Minerals
5906,VC, Visteon Corporation Common Stoc ,Consumer Goods,Auto Parts
3758,VCI,Valassis Communications Inc. C ,Services,Marketing Services
10981,VGIT,Vanguard Intermediate-Term Government Bond ETF,Fixed Income ETF,
11014,VGSH,Vanguard Short-Term Government Bond ETF,Fixed Income ETF,
3773,VICR,Vicor Corporation ,Technology,Diversified Electronics
5920,VITC, Vitacost.com  Inc. ,Services,Catalog & Mail Order Houses
3792,VMW,Vmware Inc. Common stock Clas ,Technology,Technical & System Software
10973,VNQI,Vanguard Global ex-U.S. Real Estate ETF,Global Equity ETF,
10994,VPL,Vanguard Pacific ETF,Global Equity ETF,
3819,VSAT,ViaSat Inc. ,Technology,Communication Equipment
3822,VSCP,VirtualScopics Inc. ,Services,Staffing & Outsourcing Services
3824,VSH,Vishay Intertechnology Inc. Co ,Technology,Semiconductor - Broad Line
5937,VTN, Invesco Van Kampen Trust for In ,N/A,N/A
3843,WAT,Waters Corporation Common ,Healthcare,Medical Appliances & Equipment
3846,WAYN,Wayne Savings Bancshares Inc. ,Financial,Savings & Loans
3859,WDC,Western Digital Corporation ,Technology,Data Storage Devices
3878,WGO,Winnebago Industries Inc. Comm ,Consumer Goods,Recreational Vehicles
3879,WH,WSP Holdings Limited American D ,Basic Materials,Oil & Gas Equipment & Services
3893,WLK,Westlake Chemical Corporation C ,Basic Materials,Specialty Chemicals
3905,WNC,Wabash National Corporation Com ,Consumer Goods,Trucks & Other Vehicles
3909,WOR,Worthington Industries Inc. Co ,Basic Materials,Steel & Iron
10484,WPS,iShares S&P World ex-US Property ETF,Global Equity ETF,
3942,WTM,White Mountains Insurance Group ,Financial,Property & Casualty Insurance
3951,WWE,World Wrestling Entertainment  ,Services,Entertainment - Diversified
3956,WX,WuXi PharmaTech (Cayman) Inc. A ,Healthcare,Drug Manufacturers - Major
10930,XHB,SPDR S&P Homebuilders ETF,US Equity ETF,
3971,XLNX,Xilinx Inc. ,Technology,Semiconductor - Specialized
5980,XLS, Exelis Inc. Common ,Technology,Communication Equipment
10722,XPP,ProShares Ultra FTSE China 25 ETF,Commodity Based ETF,
3979,XRAY,DENTSPLY International Inc. ,Healthcare,Medical Instruments & Supplies
10955,XTN,SPDR S&P Transportation ETF,US Equity ETF,
5986,XYL, Xylem Inc. Common ,Industrial Goods,Diversified Machinery
4003,YUM,Yum! Brands Inc. ,Services,Restaurants
4009,ZEUS,Olympic Steel Inc. ,Services,Basic Materials Wholesale
4020,ZMH,Zimmer Holdings Inc. Common St ,Healthcare,Medical Appliances & Equipment
6002,ZX, China Zenix Auto International  ,Consumer Goods,Auto Parts
